<?xml version="1.0"?>
<pagescount>
	<html_total/>
	<html_done/>
	<images/>
	<script/>
	<css/>
	<pdf/>
	<documents/>
	<excel/>
	<powerpoint/>
	<flash/>
	<audios/>
	<videos/>
	<xml/>
	<json/>
	<txt/>
	<autocad/>
	<model_3d/>
	<fonts/>
	<scraping_reload>1</scraping_reload>
	<is_pretty_url/>
	<has_trailing_slash/>
	<is_ebn>false</is_ebn>
	<email>477302@bsd48.org</email>
	<theme_name>WmdTheme899049</theme_name>
	<server_url_front_page>https://www6.waybackmachinedownloader.com/wdo/files/demo/welcomehomerestorationproject.net_477302_bsd48.org_wdhx9pej8r/</server_url_front_page>
	<no_www_url>welcomehomerestorationproject.net</no_www_url>
	<hosted_domain/>
	<original_archive_url>https://www.welcomehomerestorationproject.net/</original_archive_url>
	<final_archive_url/>
	<front_page_code_date/>
	<total_urls_from_api/>
	<max_reached_live>false</max_reached_live>
	<scrape_other_captures>false</scrape_other_captures>
	<total_size/>
</pagescount>
