<?xml version="1.0"?>
<pagescount>
	<html_total>3</html_total>
	<html_done>3</html_done>
	<images>1</images>
	<script/>
	<css/>
	<pdf/>
	<documents/>
	<excel/>
	<powerpoint/>
	<flash>3</flash>
	<audios/>
	<videos/>
	<xml/>
	<json/>
	<txt/>
	<autocad/>
	<model_3d/>
	<fonts/>
	<scraping_reload>1</scraping_reload>
	<is_pretty_url>false</is_pretty_url>
	<has_trailing_slash>false</has_trailing_slash>
	<is_ebn>false</is_ebn>
	<email>477302@bsd48.org</email>
	<theme_name>WmdTheme899029</theme_name>
	<server_url_front_page>https://www6.waybackmachinedownloader.com/wdo/files/demo/deepdark.com_477302_bsd48.org_zzbliylwee/</server_url_front_page>
	<no_www_url>deepdark.com</no_www_url>
	<hosted_domain/>
	<original_archive_url>http://www.deepdark.com/</original_archive_url>
	<final_archive_url>http://www.deepdark.com/</final_archive_url>
	<front_page_code_date/>
	<total_urls_from_api/>
	<max_reached_live>false</max_reached_live>
	<scrape_other_captures>false</scrape_other_captures>
	<total_size>520</total_size>
</pagescount>
